Name,Username,Password
Admin,admin,4dm1n
John,john,j0hn
Luke,luke,luk3
Matthew,matthew,mat
Mark,mark,max
Adam,adam,ad
Eve,eve,3v3
Andrew,andrew,drew
George,george,geography
Patrick,patrick,pat
Mozart,mozart,w01fg4ng
user,user,user
,,
Hello World,no,no
dave,dave,d4v3
